{"cameraMode":{"drawMode":0,"name":"Shaded","section":"Shading Mode"},"sceneLighting":true,"audioPlay":false,"sceneViewState":{"showFog":true,"showMaterialUpdate":false,"showSkybox":true,"showFlares":true,"showImageEffects":true,"showParticleSystems":true},"in2DMode":false,"pivot":{"x":23.801855087280275,"y":9.48464584350586,"z":-130.41746520996095},"rotation":{"x":0.009806094691157341,"y":-0.13607172667980195,"z":0.001345373340882361,"w":0.9906589984893799},"size":7.107969284057617,"orthographic":true}